https://w3id.org/pmd/co/1D	https://w3id.org/pmd/co/PMD_0000501
https://w3id.org/pmd/co/2D	https://w3id.org/pmd/co/PMD_0000502
https://w3id.org/pmd/co/ASTM_Grainsize	https://w3id.org/pmd/co/PMD_0000503
https://w3id.org/pmd/co/AbInitioMDSimulation	https://w3id.org/pmd/co/PMD_0000504
https://w3id.org/pmd/co/AccousticAbsorptionCoefficient	https://w3id.org/pmd/co/PMD_0000505
https://w3id.org/pmd/co/AccousticProperty	https://w3id.org/pmd/co/PMD_0000506
https://w3id.org/pmd/co/AcousticalPropertyAnalyzingProcess	https://w3id.org/pmd/co/PMD_0000507
https://w3id.org/pmd/co/AdditiveManufacturingDevice	https://w3id.org/pmd/co/PMD_0000508
https://w3id.org/pmd/co/AdhesionTestingProcess	https://w3id.org/pmd/co/PMD_0000509
https://w3id.org/pmd/co/AdjustmentDeviceRole	https://w3id.org/pmd/co/PMD_0000510
https://w3id.org/pmd/co/Age	https://w3id.org/pmd/co/PMD_0000511
https://w3id.org/pmd/co/AggregateState	https://w3id.org/pmd/co/PMD_0000512
https://w3id.org/pmd/co/AgingProcess	https://w3id.org/pmd/co/PMD_0000513
https://w3id.org/pmd/co/AlloyQualitySteel	https://w3id.org/pmd/co/PMD_0000514
https://w3id.org/pmd/co/AlloySpecialSteel	https://w3id.org/pmd/co/PMD_0000515
https://w3id.org/pmd/co/AlloySteel	https://w3id.org/pmd/co/PMD_0000516
https://w3id.org/pmd/co/ApplicationOfAccousticWave	https://w3id.org/pmd/co/PMD_0000517
https://w3id.org/pmd/co/ApplicationOfElasticImpact	https://w3id.org/pmd/co/PMD_0000518
https://w3id.org/pmd/co/ApplicationOfElectricField	https://w3id.org/pmd/co/PMD_0000519
https://w3id.org/pmd/co/ApplicationOfHeatFlux	https://w3id.org/pmd/co/PMD_0000520
https://w3id.org/pmd/co/ApplicationOfMagneticField	https://w3id.org/pmd/co/PMD_0000521
https://w3id.org/pmd/co/ApplicationOfMechanicalLoad	https://w3id.org/pmd/co/PMD_0000522
https://w3id.org/pmd/co/ApplicationOfSubstance	https://w3id.org/pmd/co/PMD_0000523
https://w3id.org/pmd/co/AssemblingProcess	https://w3id.org/pmd/co/PMD_0000524
https://w3id.org/pmd/co/AtomicForceMicroscope	https://w3id.org/pmd/co/PMD_0000525
https://w3id.org/pmd/co/AtomicStructure	https://w3id.org/pmd/co/PMD_0000526
https://w3id.org/pmd/co/AtomisticMonteCarloSimulation	https://w3id.org/pmd/co/PMD_0000527
https://w3id.org/pmd/co/Bandsaw	https://w3id.org/pmd/co/PMD_0000528
https://w3id.org/pmd/co/BendingTestingMachine	https://w3id.org/pmd/co/PMD_0000529
https://w3id.org/pmd/co/BendingTestingProcess	https://w3id.org/pmd/co/PMD_0000530
https://w3id.org/pmd/co/BiocompatibilityAnalyzingProcess	https://w3id.org/pmd/co/PMD_0000531
https://w3id.org/pmd/co/BiologicalPropertyAnalyzingProcess	https://w3id.org/pmd/co/PMD_0000532
https://w3id.org/pmd/co/Blank	https://w3id.org/pmd/co/PMD_0000533
https://w3id.org/pmd/co/BlankRole	https://w3id.org/pmd/co/PMD_0000534
https://w3id.org/pmd/co/BoilingPoint	https://w3id.org/pmd/co/PMD_0000535
https://w3id.org/pmd/co/Brinell2.5_62.5_ISO_6506	https://w3id.org/pmd/co/PMD_0000536
https://w3id.org/pmd/co/BrinellHardness	https://w3id.org/pmd/co/PMD_0000537
https://w3id.org/pmd/co/Bulk	https://w3id.org/pmd/co/PMD_0000538
https://w3id.org/pmd/co/BulkModulus	https://w3id.org/pmd/co/PMD_0000539
https://w3id.org/pmd/co/Burning	https://w3id.org/pmd/co/PMD_0000540
https://w3id.org/pmd/co/CNCMachine	https://w3id.org/pmd/co/PMD_0000541
https://w3id.org/pmd/co/CNCWeldingMachine	https://w3id.org/pmd/co/PMD_0000542
https://w3id.org/pmd/co/CalibrationDeviceRole	https://w3id.org/pmd/co/PMD_0000543
https://w3id.org/pmd/co/Caliper	https://w3id.org/pmd/co/PMD_0000544
https://w3id.org/pmd/co/CategoricalQuality	https://w3id.org/pmd/co/PMD_0000545
https://w3id.org/pmd/co/Ceramic	https://w3id.org/pmd/co/PMD_0000546
https://w3id.org/pmd/co/ChangeOfAggregateState	https://w3id.org/pmd/co/PMD_0000547
https://w3id.org/pmd/co/ChangeOfPhase	https://w3id.org/pmd/co/PMD_0000548
https://w3id.org/pmd/co/ChangeOfTemperature	https://w3id.org/pmd/co/PMD_0000549
https://w3id.org/pmd/co/ChangingPropertiesOfMaterial	https://w3id.org/pmd/co/PMD_0000550
https://w3id.org/pmd/co/ChemicalComposition	https://w3id.org/pmd/co/PMD_0000551
https://w3id.org/pmd/co/ChemicalCompositionAnalyzingProcess	https://w3id.org/pmd/co/PMD_0000552
https://w3id.org/pmd/co/ChemicalPotential	https://w3id.org/pmd/co/PMD_0000553
https://w3id.org/pmd/co/ChemicalPropertyAnalyzingProcess	https://w3id.org/pmd/co/PMD_0000554
https://w3id.org/pmd/co/ChromatographyFunction	https://w3id.org/pmd/co/PMD_0000555
https://w3id.org/pmd/co/ChromatographyProcess	https://w3id.org/pmd/co/PMD_0000556
https://w3id.org/pmd/co/ChromatographySystem	https://w3id.org/pmd/co/PMD_0000557
https://w3id.org/pmd/co/CircularSaw	https://w3id.org/pmd/co/PMD_0000558
https://w3id.org/pmd/co/CircularTableSaw	https://w3id.org/pmd/co/PMD_0000559
https://w3id.org/pmd/co/Cleaning	https://w3id.org/pmd/co/PMD_0000560
https://w3id.org/pmd/co/CleaningDevice	https://w3id.org/pmd/co/PMD_0000561
https://w3id.org/pmd/co/CoarseGrainedSimulation	https://w3id.org/pmd/co/PMD_0000562
https://w3id.org/pmd/co/Coating	https://w3id.org/pmd/co/PMD_0000563
https://w3id.org/pmd/co/CoatingApplicationFunction	https://w3id.org/pmd/co/PMD_0000564
https://w3id.org/pmd/co/CoatingBySoldering	https://w3id.org/pmd/co/PMD_0000565
https://w3id.org/pmd/co/CoatingByWelding	https://w3id.org/pmd/co/PMD_0000566
https://w3id.org/pmd/co/CoatingDevice	https://w3id.org/pmd/co/PMD_0000567
https://w3id.org/pmd/co/CoatingDeviceRole	https://w3id.org/pmd/co/PMD_0000568
https://w3id.org/pmd/co/CoatingFromTheGaseousOrVapourState	https://w3id.org/pmd/co/PMD_0000569
https://w3id.org/pmd/co/CoatingFromTheGranularOrPowderyState	https://w3id.org/pmd/co/PMD_0000570
https://w3id.org/pmd/co/CoatingFromTheIonizedState	https://w3id.org/pmd/co/PMD_0000571
https://w3id.org/pmd/co/CoatingFromTheLiquidState	https://w3id.org/pmd/co/PMD_0000572
https://w3id.org/pmd/co/CoatingFromThePlasticState	https://w3id.org/pmd/co/PMD_0000573
https://w3id.org/pmd/co/CoatingFromThePulpyOrPastyState	https://w3id.org/pmd/co/PMD_0000574
https://w3id.org/pmd/co/CoatingFunction	https://w3id.org/pmd/co/PMD_0000575
https://w3id.org/pmd/co/Colorimeter	https://w3id.org/pmd/co/PMD_0000576
https://w3id.org/pmd/co/Composite	https://w3id.org/pmd/co/PMD_0000577
https://w3id.org/pmd/co/Compounding	https://w3id.org/pmd/co/PMD_0000578
https://w3id.org/pmd/co/CompoundingMachine	https://w3id.org/pmd/co/PMD_0000579
https://w3id.org/pmd/co/CompressionTestingMachine	https://w3id.org/pmd/co/PMD_0000580
https://w3id.org/pmd/co/CompressionTestingProcess	https://w3id.org/pmd/co/PMD_0000581
https://w3id.org/pmd/co/ComputingNode	https://w3id.org/pmd/co/PMD_0000582
https://w3id.org/pmd/co/ComputingProcess	https://w3id.org/pmd/co/PMD_0000583
https://w3id.org/pmd/co/ConditioningProcess	https://w3id.org/pmd/co/PMD_0000584
https://w3id.org/pmd/co/ContinuousSimulation	https://w3id.org/pmd/co/PMD_0000585
https://w3id.org/pmd/co/CorpuscularIrradiation	https://w3id.org/pmd/co/PMD_0000586
https://w3id.org/pmd/co/CrackGrowth	https://w3id.org/pmd/co/PMD_0000587
https://w3id.org/pmd/co/CreepTestingMachine	https://w3id.org/pmd/co/PMD_0000588
https://w3id.org/pmd/co/CreepTestingProcess	https://w3id.org/pmd/co/PMD_0000589
https://w3id.org/pmd/co/CryogenicFreezer	https://w3id.org/pmd/co/PMD_0000590
https://w3id.org/pmd/co/CrystallStructure	https://w3id.org/pmd/co/PMD_0000591
https://w3id.org/pmd/co/CutFunction	https://w3id.org/pmd/co/PMD_0000592
https://w3id.org/pmd/co/CuttingDeviceRole	https://w3id.org/pmd/co/PMD_0000593
https://w3id.org/pmd/co/DeepLearning	https://w3id.org/pmd/co/PMD_0000594
https://w3id.org/pmd/co/DefectDensity	https://w3id.org/pmd/co/PMD_0000595
https://w3id.org/pmd/co/Deformation	https://w3id.org/pmd/co/PMD_0000596
https://w3id.org/pmd/co/Density	https://w3id.org/pmd/co/PMD_0000597
https://w3id.org/pmd/co/Department	https://w3id.org/pmd/co/PMD_0000598
https://w3id.org/pmd/co/DepartmentRole	https://w3id.org/pmd/co/PMD_0000599
https://w3id.org/pmd/co/DeteriorativeProperty	https://w3id.org/pmd/co/PMD_0000600
https://w3id.org/pmd/co/DeterministicSimulation	https://w3id.org/pmd/co/PMD_0000601
https://w3id.org/pmd/co/Device	https://w3id.org/pmd/co/PMD_0000602
https://w3id.org/pmd/co/DeviceRole	https://w3id.org/pmd/co/PMD_0000603
https://w3id.org/pmd/co/DielectricConstant	https://w3id.org/pmd/co/PMD_0000604
https://w3id.org/pmd/co/DifferentialScanningCalorimeter	https://w3id.org/pmd/co/PMD_0000605
https://w3id.org/pmd/co/DifferentialScanningCalorimetryProcess	https://w3id.org/pmd/co/PMD_0000606
https://w3id.org/pmd/co/DifferentialThermalAnalysisProcess	https://w3id.org/pmd/co/PMD_0000607
https://w3id.org/pmd/co/DifferentialThermalAnalyzer	https://w3id.org/pmd/co/PMD_0000608
https://w3id.org/pmd/co/DimensionMeasuringDeviceRole	https://w3id.org/pmd/co/PMD_0000609
https://w3id.org/pmd/co/DimensionMeasuringFunction	https://w3id.org/pmd/co/PMD_0000610
https://w3id.org/pmd/co/DimensionMeasuringProcess	https://w3id.org/pmd/co/PMD_0000611
https://w3id.org/pmd/co/Disassembling	https://w3id.org/pmd/co/PMD_0000612
https://w3id.org/pmd/co/Discrete-eventSimulation	https://w3id.org/pmd/co/PMD_0000613
https://w3id.org/pmd/co/Dividing	https://w3id.org/pmd/co/PMD_0000614
https://w3id.org/pmd/co/DrillingMachine	https://w3id.org/pmd/co/PMD_0000615
https://w3id.org/pmd/co/DynamicMechanicalAnalysisProcess	https://w3id.org/pmd/co/PMD_0000616
https://w3id.org/pmd/co/DynamicMechanicalAnalyzer	https://w3id.org/pmd/co/PMD_0000617
https://w3id.org/pmd/co/ElasticModulus	https://w3id.org/pmd/co/PMD_0000618
https://w3id.org/pmd/co/ElectricPotential	https://w3id.org/pmd/co/PMD_0000619
https://w3id.org/pmd/co/ElectricalConductivity	https://w3id.org/pmd/co/PMD_0000620
https://w3id.org/pmd/co/ElectricalProperty	https://w3id.org/pmd/co/PMD_0000621
https://w3id.org/pmd/co/ElectricalPropertyAnalyzingProcess	https://w3id.org/pmd/co/PMD_0000622
https://w3id.org/pmd/co/ElectronBeamWeldingMachine	https://w3id.org/pmd/co/PMD_0000623
https://w3id.org/pmd/co/ElectronMicroscope	https://w3id.org/pmd/co/PMD_0000624
https://w3id.org/pmd/co/ElectronMicroscopy	https://w3id.org/pmd/co/PMD_0000625
https://w3id.org/pmd/co/ElectronSpectroscopy	https://w3id.org/pmd/co/PMD_0000626
https://w3id.org/pmd/co/EmissionOfAccousticWave	https://w3id.org/pmd/co/PMD_0000627
https://w3id.org/pmd/co/EmissionOfCorpuscularRadiation	https://w3id.org/pmd/co/PMD_0000628
https://w3id.org/pmd/co/EmissionOfRadiation	https://w3id.org/pmd/co/PMD_0000629
https://w3id.org/pmd/co/EmissionOfWaveRadiation	https://w3id.org/pmd/co/PMD_0000630
https://w3id.org/pmd/co/EmpiricalPotentialMDSimulation	https://w3id.org/pmd/co/PMD_0000631
https://w3id.org/pmd/co/EngineeredMaterial	https://w3id.org/pmd/co/PMD_0000632
https://w3id.org/pmd/co/EnvironmentalChamber	https://w3id.org/pmd/co/PMD_0000633
https://w3id.org/pmd/co/EuropeanGradedSteel	https://w3id.org/pmd/co/PMD_0000634
https://w3id.org/pmd/co/EvolutionOfDamage	https://w3id.org/pmd/co/PMD_0000635
https://w3id.org/pmd/co/Extensometer	https://w3id.org/pmd/co/PMD_0000636
https://w3id.org/pmd/co/FatigueTestingMachine	https://w3id.org/pmd/co/PMD_0000637
https://w3id.org/pmd/co/FatigueTestingProcess	https://w3id.org/pmd/co/PMD_0000638
https://w3id.org/pmd/co/Ferrous_Alloy	https://w3id.org/pmd/co/PMD_0000639
https://w3id.org/pmd/co/FiatMaterialDesignation	https://w3id.org/pmd/co/PMD_0000640
https://w3id.org/pmd/co/Filling	https://w3id.org/pmd/co/PMD_0000641
https://w3id.org/pmd/co/FlowCytometer	https://w3id.org/pmd/co/PMD_0000642
https://w3id.org/pmd/co/ForceMeasuringDeviceRole	https://w3id.org/pmd/co/PMD_0000643
https://w3id.org/pmd/co/ForceMeasuringFunction	https://w3id.org/pmd/co/PMD_0000644
https://w3id.org/pmd/co/FormationOfNotchOrScratch	https://w3id.org/pmd/co/PMD_0000645
https://w3id.org/pmd/co/Forming	https://w3id.org/pmd/co/PMD_0000646
https://w3id.org/pmd/co/FormingByBending	https://w3id.org/pmd/co/PMD_0000647
https://w3id.org/pmd/co/FormingMachine	https://w3id.org/pmd/co/PMD_0000648
https://w3id.org/pmd/co/FormingUnderCompressiveAndTensileConditions	https://w3id.org/pmd/co/PMD_0000649
https://w3id.org/pmd/co/FormingUnderCompressiveConditions	https://w3id.org/pmd/co/PMD_0000650
https://w3id.org/pmd/co/FormingUnderShearingConditions	https://w3id.org/pmd/co/PMD_0000651
https://w3id.org/pmd/co/FormingUnderTensileConditions	https://w3id.org/pmd/co/PMD_0000652
https://w3id.org/pmd/co/FractureToughnessTestingProcess	https://w3id.org/pmd/co/PMD_0000653
https://w3id.org/pmd/co/FunctionalMaterial	https://w3id.org/pmd/co/PMD_0000654
https://w3id.org/pmd/co/Furnace	https://w3id.org/pmd/co/PMD_0000655
https://w3id.org/pmd/co/GasChromatographyProcess	https://w3id.org/pmd/co/PMD_0000656
https://w3id.org/pmd/co/GasChromatographySystem	https://w3id.org/pmd/co/PMD_0000657
https://w3id.org/pmd/co/GelPermeationChromatographyProcess	https://w3id.org/pmd/co/PMD_0000658
https://w3id.org/pmd/co/GelPermeationChromatographySystem	https://w3id.org/pmd/co/PMD_0000659
https://w3id.org/pmd/co/GenerativeDeepLearning	https://w3id.org/pmd/co/PMD_0000660
https://w3id.org/pmd/co/Glass	https://w3id.org/pmd/co/PMD_0000661
https://w3id.org/pmd/co/Glueing	https://w3id.org/pmd/co/PMD_0000662
https://w3id.org/pmd/co/Grain	https://w3id.org/pmd/co/PMD_0000663
https://w3id.org/pmd/co/GrainSizeDistribution	https://w3id.org/pmd/co/PMD_0000664
https://w3id.org/pmd/co/GravimetricAnalyzer	https://w3id.org/pmd/co/PMD_0000665
https://w3id.org/pmd/co/GravimetricalAnalyzingProcess	https://w3id.org/pmd/co/PMD_0000666
https://w3id.org/pmd/co/GrindingMachine	https://w3id.org/pmd/co/PMD_0000667
https://w3id.org/pmd/co/Grips	https://w3id.org/pmd/co/PMD_0000668
https://w3id.org/pmd/co/Group-00-Steel	https://w3id.org/pmd/co/PMD_0000669
https://w3id.org/pmd/co/Group-01-Steel	https://w3id.org/pmd/co/PMD_0000670
https://w3id.org/pmd/co/Group-02-Steel	https://w3id.org/pmd/co/PMD_0000671
https://w3id.org/pmd/co/Group-03-Steel	https://w3id.org/pmd/co/PMD_0000672
https://w3id.org/pmd/co/Group-04-Steel	https://w3id.org/pmd/co/PMD_0000673
https://w3id.org/pmd/co/Group-05-Steel	https://w3id.org/pmd/co/PMD_0000674
https://w3id.org/pmd/co/Group-06-Steel	https://w3id.org/pmd/co/PMD_0000675
https://w3id.org/pmd/co/Group-07-Steel	https://w3id.org/pmd/co/PMD_0000676
https://w3id.org/pmd/co/Group-08-Steel	https://w3id.org/pmd/co/PMD_0000677
https://w3id.org/pmd/co/Group-10-Steel	https://w3id.org/pmd/co/PMD_0000678
https://w3id.org/pmd/co/Group-11-Steel	https://w3id.org/pmd/co/PMD_0000679
https://w3id.org/pmd/co/Group-12-Steel	https://w3id.org/pmd/co/PMD_0000680
https://w3id.org/pmd/co/Group-13-Steel	https://w3id.org/pmd/co/PMD_0000681
https://w3id.org/pmd/co/Group-14-Steel	https://w3id.org/pmd/co/PMD_0000682
https://w3id.org/pmd/co/Group-15-Steel	https://w3id.org/pmd/co/PMD_0000683
https://w3id.org/pmd/co/Group-16-Steel	https://w3id.org/pmd/co/PMD_0000684
https://w3id.org/pmd/co/Group-17-Steel	https://w3id.org/pmd/co/PMD_0000685
https://w3id.org/pmd/co/Group-18-Steel	https://w3id.org/pmd/co/PMD_0000686
https://w3id.org/pmd/co/Group-19-Steel	https://w3id.org/pmd/co/PMD_0000687
https://w3id.org/pmd/co/Group-20-Steel	https://w3id.org/pmd/co/PMD_0000688
https://w3id.org/pmd/co/Group-21-Steel	https://w3id.org/pmd/co/PMD_0000689
https://w3id.org/pmd/co/Group-22-Steel	https://w3id.org/pmd/co/PMD_0000690
https://w3id.org/pmd/co/Group-23-Steel	https://w3id.org/pmd/co/PMD_0000691
https://w3id.org/pmd/co/Group-24-Steel	https://w3id.org/pmd/co/PMD_0000692
https://w3id.org/pmd/co/Group-25-Steel	https://w3id.org/pmd/co/PMD_0000693
https://w3id.org/pmd/co/Group-26-Steel	https://w3id.org/pmd/co/PMD_0000694
https://w3id.org/pmd/co/Group-27-Steel	https://w3id.org/pmd/co/PMD_0000695
https://w3id.org/pmd/co/Group-28-Steel	https://w3id.org/pmd/co/PMD_0000696
https://w3id.org/pmd/co/Group-29-Steel	https://w3id.org/pmd/co/PMD_0000697
https://w3id.org/pmd/co/Group-30-Steel	https://w3id.org/pmd/co/PMD_0000698
https://w3id.org/pmd/co/Group-31-Steel	https://w3id.org/pmd/co/PMD_0000699
https://w3id.org/pmd/co/Group-32-Steel	https://w3id.org/pmd/co/PMD_0000700
https://w3id.org/pmd/co/Group-33-Steel	https://w3id.org/pmd/co/PMD_0000701
https://w3id.org/pmd/co/Group-34-Steel	https://w3id.org/pmd/co/PMD_0000702
https://w3id.org/pmd/co/Group-35-Steel	https://w3id.org/pmd/co/PMD_0000703
https://w3id.org/pmd/co/Group-36-Steel	https://w3id.org/pmd/co/PMD_0000704
https://w3id.org/pmd/co/Group-37-Steel	https://w3id.org/pmd/co/PMD_0000705
https://w3id.org/pmd/co/Group-38-Steel	https://w3id.org/pmd/co/PMD_0000706
https://w3id.org/pmd/co/Group-39-Steel	https://w3id.org/pmd/co/PMD_0000707
https://w3id.org/pmd/co/Group-40-Steel	https://w3id.org/pmd/co/PMD_0000708
https://w3id.org/pmd/co/Group-41-Steel	https://w3id.org/pmd/co/PMD_0000709
https://w3id.org/pmd/co/Group-42-Steel	https://w3id.org/pmd/co/PMD_0000710
https://w3id.org/pmd/co/Group-43-Steel	https://w3id.org/pmd/co/PMD_0000711
https://w3id.org/pmd/co/Group-44-Steel	https://w3id.org/pmd/co/PMD_0000712
https://w3id.org/pmd/co/Group-45-Steel	https://w3id.org/pmd/co/PMD_0000713
https://w3id.org/pmd/co/Group-46-Steel	https://w3id.org/pmd/co/PMD_0000714
https://w3id.org/pmd/co/Group-47-Steel	https://w3id.org/pmd/co/PMD_0000715
https://w3id.org/pmd/co/Group-48-Steel	https://w3id.org/pmd/co/PMD_0000716
https://w3id.org/pmd/co/Group-49-Steel	https://w3id.org/pmd/co/PMD_0000717
https://w3id.org/pmd/co/Group-50-Steel	https://w3id.org/pmd/co/PMD_0000718
https://w3id.org/pmd/co/Group-51-Steel	https://w3id.org/pmd/co/PMD_0000719
https://w3id.org/pmd/co/Group-52-Steel	https://w3id.org/pmd/co/PMD_0000720
https://w3id.org/pmd/co/Group-53-Steel	https://w3id.org/pmd/co/PMD_0000721
https://w3id.org/pmd/co/Group-54-Steel	https://w3id.org/pmd/co/PMD_0000722
https://w3id.org/pmd/co/Group-55-Steel	https://w3id.org/pmd/co/PMD_0000723
https://w3id.org/pmd/co/Group-56-Steel	https://w3id.org/pmd/co/PMD_0000724
https://w3id.org/pmd/co/Group-57-Steel	https://w3id.org/pmd/co/PMD_0000725
https://w3id.org/pmd/co/Group-58-Steel	https://w3id.org/pmd/co/PMD_0000726
https://w3id.org/pmd/co/Group-59-Steel	https://w3id.org/pmd/co/PMD_0000727
https://w3id.org/pmd/co/Group-60-Steel	https://w3id.org/pmd/co/PMD_0000728
https://w3id.org/pmd/co/Group-61-Steel	https://w3id.org/pmd/co/PMD_0000729
https://w3id.org/pmd/co/Group-62-Steel	https://w3id.org/pmd/co/PMD_0000730
https://w3id.org/pmd/co/Group-63-Steel	https://w3id.org/pmd/co/PMD_0000731
https://w3id.org/pmd/co/Group-64-Steel	https://w3id.org/pmd/co/PMD_0000732
https://w3id.org/pmd/co/Group-65-Steel	https://w3id.org/pmd/co/PMD_0000733
https://w3id.org/pmd/co/Group-66-Steel	https://w3id.org/pmd/co/PMD_0000734
https://w3id.org/pmd/co/Group-67-Steel	https://w3id.org/pmd/co/PMD_0000735
https://w3id.org/pmd/co/Group-68-Steel	https://w3id.org/pmd/co/PMD_0000736
https://w3id.org/pmd/co/Group-69-Steel	https://w3id.org/pmd/co/PMD_0000737
https://w3id.org/pmd/co/Group-70-Steel	https://w3id.org/pmd/co/PMD_0000738
https://w3id.org/pmd/co/Group-71-Steel	https://w3id.org/pmd/co/PMD_0000739
https://w3id.org/pmd/co/Group-72-Steel	https://w3id.org/pmd/co/PMD_0000740
https://w3id.org/pmd/co/Group-73-Steel	https://w3id.org/pmd/co/PMD_0000741
https://w3id.org/pmd/co/Group-74-Steel	https://w3id.org/pmd/co/PMD_0000742
https://w3id.org/pmd/co/Group-75-Steel	https://w3id.org/pmd/co/PMD_0000743
https://w3id.org/pmd/co/Group-76-Steel	https://w3id.org/pmd/co/PMD_0000744
https://w3id.org/pmd/co/Group-77-Steel	https://w3id.org/pmd/co/PMD_0000745
https://w3id.org/pmd/co/Group-78-Steel	https://w3id.org/pmd/co/PMD_0000746
https://w3id.org/pmd/co/Group-79-Steel	https://w3id.org/pmd/co/PMD_0000747
https://w3id.org/pmd/co/Group-80-Steel	https://w3id.org/pmd/co/PMD_0000748
https://w3id.org/pmd/co/Group-81-Steel	https://w3id.org/pmd/co/PMD_0000749
https://w3id.org/pmd/co/Group-82-Steel	https://w3id.org/pmd/co/PMD_0000750
https://w3id.org/pmd/co/Group-83-Steel	https://w3id.org/pmd/co/PMD_0000751
https://w3id.org/pmd/co/Group-84-Steel	https://w3id.org/pmd/co/PMD_0000752
https://w3id.org/pmd/co/Group-85-Steel	https://w3id.org/pmd/co/PMD_0000753
https://w3id.org/pmd/co/Group-86-Steel	https://w3id.org/pmd/co/PMD_0000754
https://w3id.org/pmd/co/Group-87-Steel	https://w3id.org/pmd/co/PMD_0000755
https://w3id.org/pmd/co/Group-88-Steel	https://w3id.org/pmd/co/PMD_0000756
https://w3id.org/pmd/co/Group-89-Steel	https://w3id.org/pmd/co/PMD_0000757
https://w3id.org/pmd/co/Group-90-Steel	https://w3id.org/pmd/co/PMD_0000758
https://w3id.org/pmd/co/Group-91-Steel	https://w3id.org/pmd/co/PMD_0000759
https://w3id.org/pmd/co/Group-92-Steel	https://w3id.org/pmd/co/PMD_0000760
https://w3id.org/pmd/co/Group-93-Steel	https://w3id.org/pmd/co/PMD_0000761
https://w3id.org/pmd/co/Group-94-Steel	https://w3id.org/pmd/co/PMD_0000762
https://w3id.org/pmd/co/Group-95-Steel	https://w3id.org/pmd/co/PMD_0000763
https://w3id.org/pmd/co/Group-96-Steel	https://w3id.org/pmd/co/PMD_0000764
https://w3id.org/pmd/co/Group-97-Steel	https://w3id.org/pmd/co/PMD_0000765
https://w3id.org/pmd/co/Group-98-Steel	https://w3id.org/pmd/co/PMD_0000766
https://w3id.org/pmd/co/Hacksaw	https://w3id.org/pmd/co/PMD_0000767
https://w3id.org/pmd/co/Half-Life	https://w3id.org/pmd/co/PMD_0000768
https://w3id.org/pmd/co/HandHeldDeviceRole	https://w3id.org/pmd/co/PMD_0000769
https://w3id.org/pmd/co/HandheldCircularSaw	https://w3id.org/pmd/co/PMD_0000770
https://w3id.org/pmd/co/Handsaw	https://w3id.org/pmd/co/PMD_0000771
https://w3id.org/pmd/co/HardeningByForming	https://w3id.org/pmd/co/PMD_0000772
https://w3id.org/pmd/co/Hardness	https://w3id.org/pmd/co/PMD_0000773
https://w3id.org/pmd/co/HardnessTester	https://w3id.org/pmd/co/PMD_0000774
https://w3id.org/pmd/co/HardnessTestingMachine	https://w3id.org/pmd/co/PMD_0000775
https://w3id.org/pmd/co/HardnessTestingProcess	https://w3id.org/pmd/co/PMD_0000776
https://w3id.org/pmd/co/HeatCapacity	https://w3id.org/pmd/co/PMD_0000777
https://w3id.org/pmd/co/HeatResistingSteel	https://w3id.org/pmd/co/PMD_0000778
https://w3id.org/pmd/co/HeatTreatment	https://w3id.org/pmd/co/PMD_0000779
https://w3id.org/pmd/co/HeatTreatmentDevice	https://w3id.org/pmd/co/PMD_0000780
https://w3id.org/pmd/co/HeatTreatmentFunction	https://w3id.org/pmd/co/PMD_0000781
https://w3id.org/pmd/co/High-PerformanceLiquidChromatographyProcess	https://w3id.org/pmd/co/PMD_0000782
https://w3id.org/pmd/co/High-throughputSimulation	https://w3id.org/pmd/co/PMD_0000783
https://w3id.org/pmd/co/HighPerformanceLiquidChromatographySystem	https://w3id.org/pmd/co/PMD_0000784
https://w3id.org/pmd/co/HighTemperatureGasChromatographySystem	https://w3id.org/pmd/co/PMD_0000785
https://w3id.org/pmd/co/HybridSimulation	https://w3id.org/pmd/co/PMD_0000786
https://w3id.org/pmd/co/Image	https://w3id.org/pmd/co/PMD_0000787
https://w3id.org/pmd/co/ImpactTestingProcess	https://w3id.org/pmd/co/PMD_0000788
https://w3id.org/pmd/co/IndentationHardness	https://w3id.org/pmd/co/PMD_0000789
https://w3id.org/pmd/co/IndexOfRefraction	https://w3id.org/pmd/co/PMD_0000790
https://w3id.org/pmd/co/InductionFurnace	https://w3id.org/pmd/co/PMD_0000791
https://w3id.org/pmd/co/Initiator	https://w3id.org/pmd/co/PMD_0000792
https://w3id.org/pmd/co/InitiatorRole	https://w3id.org/pmd/co/PMD_0000793
https://w3id.org/pmd/co/InjectionMoldingMachine	https://w3id.org/pmd/co/PMD_0000794
https://w3id.org/pmd/co/IonExchangeChromatographyProcess	https://w3id.org/pmd/co/PMD_0000795
https://w3id.org/pmd/co/IonExchangeChromatographySystem	https://w3id.org/pmd/co/PMD_0000796
https://w3id.org/pmd/co/IonMicroscope	https://w3id.org/pmd/co/PMD_0000797
https://w3id.org/pmd/co/IonMicroscopy	https://w3id.org/pmd/co/PMD_0000798
https://w3id.org/pmd/co/IonSpectrometer	https://w3id.org/pmd/co/PMD_0000799
https://w3id.org/pmd/co/IonSpectroscopy	https://w3id.org/pmd/co/PMD_0000800
https://w3id.org/pmd/co/Irradiating	https://w3id.org/pmd/co/PMD_0000801
https://w3id.org/pmd/co/Irradiation	https://w3id.org/pmd/co/PMD_0000802
https://w3id.org/pmd/co/IrradiationDevice	https://w3id.org/pmd/co/PMD_0000803
https://w3id.org/pmd/co/IrradiationDeviceRole	https://w3id.org/pmd/co/PMD_0000804
https://w3id.org/pmd/co/IrradiationFunction	https://w3id.org/pmd/co/PMD_0000805
https://w3id.org/pmd/co/Joining	https://w3id.org/pmd/co/PMD_0000806
https://w3id.org/pmd/co/JoiningByPrimaryShaping	https://w3id.org/pmd/co/PMD_0000807
https://w3id.org/pmd/co/JoiningByShaping	https://w3id.org/pmd/co/PMD_0000808
https://w3id.org/pmd/co/JoiningBySoldering	https://w3id.org/pmd/co/PMD_0000809
https://w3id.org/pmd/co/JoiningByWelding	https://w3id.org/pmd/co/PMD_0000810
https://w3id.org/pmd/co/JoiningDevice	https://w3id.org/pmd/co/PMD_0000811
https://w3id.org/pmd/co/JoiningFunction	https://w3id.org/pmd/co/PMD_0000812
https://w3id.org/pmd/co/Knife	https://w3id.org/pmd/co/PMD_0000813
https://w3id.org/pmd/co/Laboratory	https://w3id.org/pmd/co/PMD_0000814
https://w3id.org/pmd/co/LaboratoryRole	https://w3id.org/pmd/co/PMD_0000815
https://w3id.org/pmd/co/LaserSpectroscopy	https://w3id.org/pmd/co/PMD_0000816
https://w3id.org/pmd/co/Lasercutter	https://w3id.org/pmd/co/PMD_0000817
https://w3id.org/pmd/co/Lathe	https://w3id.org/pmd/co/PMD_0000818
https://w3id.org/pmd/co/LightMicroscopy	https://w3id.org/pmd/co/PMD_0000819
https://w3id.org/pmd/co/LoadCell	https://w3id.org/pmd/co/PMD_0000820
https://w3id.org/pmd/co/MachineLearning	https://w3id.org/pmd/co/PMD_0000821
https://w3id.org/pmd/co/MachiningGeometricallyDefined	https://w3id.org/pmd/co/PMD_0000822
https://w3id.org/pmd/co/MachiningGeometricallyUndefined	https://w3id.org/pmd/co/PMD_0000823
https://w3id.org/pmd/co/Macrostructure	https://w3id.org/pmd/co/PMD_0000824
https://w3id.org/pmd/co/MagneticProperty	https://w3id.org/pmd/co/PMD_0000825
https://w3id.org/pmd/co/Magnetizing	https://w3id.org/pmd/co/PMD_0000826
https://w3id.org/pmd/co/MagnetizingDevice	https://w3id.org/pmd/co/PMD_0000827
https://w3id.org/pmd/co/MagnetizingFunction	https://w3id.org/pmd/co/PMD_0000828
https://w3id.org/pmd/co/MagnetoElectricalPropertyAnalyzingProcess	https://w3id.org/pmd/co/PMD_0000829
https://w3id.org/pmd/co/Manufacturer	https://w3id.org/pmd/co/PMD_0000830
https://w3id.org/pmd/co/ManufacturerRole	https://w3id.org/pmd/co/PMD_0000831
https://w3id.org/pmd/co/ManufacturingFunction	https://w3id.org/pmd/co/PMD_0000832
https://w3id.org/pmd/co/ManufacturingProcess	https://w3id.org/pmd/co/PMD_0000833
https://w3id.org/pmd/co/Map	https://w3id.org/pmd/co/PMD_0000834
https://w3id.org/pmd/co/MassSpectrometer	https://w3id.org/pmd/co/PMD_0000835
https://w3id.org/pmd/co/MassSpectrometry	https://w3id.org/pmd/co/PMD_0000836
https://w3id.org/pmd/co/Material	https://w3id.org/pmd/co/PMD_0000001
https://w3id.org/pmd/co/MaterialClassificationSystem	https://w3id.org/pmd/co/PMD_0000003
https://w3id.org/pmd/co/MaterialDesignation	https://w3id.org/pmd/co/PMD_0000002
https://w3id.org/pmd/co/MaterialEntityAggregate	https://w3id.org/pmd/co/PMD_0000004
https://w3id.org/pmd/co/MaterialProperty	https://w3id.org/pmd/co/PMD_0000005
https://w3id.org/pmd/co/MaterialPropertyMeasure	https://w3id.org/pmd/co/PMD_0000842
https://w3id.org/pmd/co/MaterialSpecification	https://w3id.org/pmd/co/PMD_0000010
https://w3id.org/pmd/co/MaterialStructure	https://w3id.org/pmd/co/PMD_0000006
https://w3id.org/pmd/co/Matrix	https://w3id.org/pmd/co/PMD_0000845
https://w3id.org/pmd/co/MeasuringDeviceRole	https://w3id.org/pmd/co/PMD_0000846
https://w3id.org/pmd/co/MeasuringFunction	https://w3id.org/pmd/co/PMD_0000847
https://w3id.org/pmd/co/MechanicalProperty	https://w3id.org/pmd/co/PMD_0000848
https://w3id.org/pmd/co/MechanicalPropertyAnalyzingProcess	https://w3id.org/pmd/co/PMD_0000849
https://w3id.org/pmd/co/MechanicalQuality	https://w3id.org/pmd/co/PMD_0000850
https://w3id.org/pmd/co/MeltingPoint	https://w3id.org/pmd/co/PMD_0000851
https://w3id.org/pmd/co/Metal	https://w3id.org/pmd/co/PMD_0000852
https://w3id.org/pmd/co/MetallographicTexture	https://w3id.org/pmd/co/PMD_0000853
https://w3id.org/pmd/co/MicrometerGauge	https://w3id.org/pmd/co/PMD_0000854
https://w3id.org/pmd/co/Microscope	https://w3id.org/pmd/co/PMD_0000855
https://w3id.org/pmd/co/MicroscopyProcess	https://w3id.org/pmd/co/PMD_0000856
https://w3id.org/pmd/co/Microstructure	https://w3id.org/pmd/co/PMD_0000857
https://w3id.org/pmd/co/Microtome	https://w3id.org/pmd/co/PMD_0000858
https://w3id.org/pmd/co/MillingMachine	https://w3id.org/pmd/co/PMD_0000859
https://w3id.org/pmd/co/MiscelaneousSteel	https://w3id.org/pmd/co/PMD_0000860
https://w3id.org/pmd/co/MohsHardness	https://w3id.org/pmd/co/PMD_0000861
https://w3id.org/pmd/co/MonteCarloSimulation	https://w3id.org/pmd/co/PMD_0000862
https://w3id.org/pmd/co/MorphologicQuality	https://w3id.org/pmd/co/PMD_0000863
https://w3id.org/pmd/co/MorphologicalProperty	https://w3id.org/pmd/co/PMD_0000864
https://w3id.org/pmd/co/MultimodalDeepLearning	https://w3id.org/pmd/co/PMD_0000865
https://w3id.org/pmd/co/MultiscaleSimulation	https://w3id.org/pmd/co/PMD_0000866
https://w3id.org/pmd/co/NanoindentationProcess	https://w3id.org/pmd/co/PMD_0000867
https://w3id.org/pmd/co/NaturalOrganicMaterial	https://w3id.org/pmd/co/PMD_0000868
https://w3id.org/pmd/co/OccurenceOfChemicalReaction	https://w3id.org/pmd/co/PMD_0000869
https://w3id.org/pmd/co/OccurenceOfElecticField	https://w3id.org/pmd/co/PMD_0000870
https://w3id.org/pmd/co/OccurenceOfMagneticField	https://w3id.org/pmd/co/PMD_0000871
https://w3id.org/pmd/co/Operator	https://w3id.org/pmd/co/PMD_0000872
https://w3id.org/pmd/co/OperatorRole	https://w3id.org/pmd/co/PMD_0000873
https://w3id.org/pmd/co/OpticalMicroscope	https://w3id.org/pmd/co/PMD_0000874
https://w3id.org/pmd/co/OpticalMicroscopy	https://w3id.org/pmd/co/PMD_0000875
https://w3id.org/pmd/co/OpticalProfilometer	https://w3id.org/pmd/co/PMD_0000876
https://w3id.org/pmd/co/OpticalProperty	https://w3id.org/pmd/co/PMD_0000877
https://w3id.org/pmd/co/OpticalPropertyAnalyzingProcess	https://w3id.org/pmd/co/PMD_0000878
https://w3id.org/pmd/co/Organization	https://w3id.org/pmd/co/PMD_0000879
https://w3id.org/pmd/co/PassingOfTime	https://w3id.org/pmd/co/PMD_0000880
https://w3id.org/pmd/co/Person	https://w3id.org/pmd/co/PMD_0000881
https://w3id.org/pmd/co/PhaseBoundary	https://w3id.org/pmd/co/PMD_0000882
https://w3id.org/pmd/co/PhotochemicalProcess	https://w3id.org/pmd/co/PMD_0000883
https://w3id.org/pmd/co/PhysicalSimulation	https://w3id.org/pmd/co/PMD_0000884
https://w3id.org/pmd/co/PoleFigure	https://w3id.org/pmd/co/PMD_0000885
https://w3id.org/pmd/co/PolishingMachine	https://w3id.org/pmd/co/PMD_0000886
https://w3id.org/pmd/co/PolyCrystallineGrainStucture	https://w3id.org/pmd/co/PMD_0000887
https://w3id.org/pmd/co/Polymer	https://w3id.org/pmd/co/PMD_0000888
https://w3id.org/pmd/co/PoreGrowth	https://w3id.org/pmd/co/PMD_0000889
https://w3id.org/pmd/co/PortionOfConnectedMatter	https://w3id.org/pmd/co/PMD_0000890
https://w3id.org/pmd/co/PortionOfDisconnectedMatter	https://w3id.org/pmd/co/PMD_0000891
https://w3id.org/pmd/co/PortionOfMatter	https://w3id.org/pmd/co/PMD_0000892
https://w3id.org/pmd/co/Powder	https://w3id.org/pmd/co/PMD_0000893
https://w3id.org/pmd/co/PrecisionLathe	https://w3id.org/pmd/co/PMD_0000894
https://w3id.org/pmd/co/PressingOn-In	https://w3id.org/pmd/co/PMD_0000895
https://w3id.org/pmd/co/Pressure	https://w3id.org/pmd/co/PMD_0000896
https://w3id.org/pmd/co/PressureMeasuringDeviceRole	https://w3id.org/pmd/co/PMD_0000897
https://w3id.org/pmd/co/PressureMeasuringFunction	https://w3id.org/pmd/co/PMD_0000898
https://w3id.org/pmd/co/PrimaryShaping	https://w3id.org/pmd/co/PMD_0000899
https://w3id.org/pmd/co/PrimaryShapingByAdditiveManufacturing	https://w3id.org/pmd/co/PMD_0000900
https://w3id.org/pmd/co/PrimaryShapingByWelding	https://w3id.org/pmd/co/PMD_0000901
https://w3id.org/pmd/co/PrimaryShapingFromTheChipOrFiberState	https://w3id.org/pmd/co/PMD_0000902
https://w3id.org/pmd/co/PrimaryShapingFromTheGaseousOrVaporState	https://w3id.org/pmd/co/PMD_0000903
https://w3id.org/pmd/co/PrimaryShapingFromTheGranularOrPowderedState	https://w3id.org/pmd/co/PMD_0000904
https://w3id.org/pmd/co/PrimaryShapingFromTheIonizedState	https://w3id.org/pmd/co/PMD_0000905
https://w3id.org/pmd/co/PrimaryShapingFromTheLiquidState	https://w3id.org/pmd/co/PMD_0000906
https://w3id.org/pmd/co/PrimaryShapingFromThePlasticState	https://w3id.org/pmd/co/PMD_0000907
https://w3id.org/pmd/co/PrimaryShapingFromThePulpyOrPastyState	https://w3id.org/pmd/co/PMD_0000908
https://w3id.org/pmd/co/Project	https://w3id.org/pmd/co/PMD_0000909
https://w3id.org/pmd/co/ReboundHardness	https://w3id.org/pmd/co/PMD_0000910
https://w3id.org/pmd/co/Reflectivity	https://w3id.org/pmd/co/PMD_0000911
https://w3id.org/pmd/co/Register_of_European_Steels	https://w3id.org/pmd/co/PMD_0000912
https://w3id.org/pmd/co/ReinforcementLearning	https://w3id.org/pmd/co/PMD_0000913
https://w3id.org/pmd/co/Removing	https://w3id.org/pmd/co/PMD_0000914
https://w3id.org/pmd/co/Response	https://w3id.org/pmd/co/PMD_0000915
https://w3id.org/pmd/co/RheologicalPropertyAnalyzingProcess	https://w3id.org/pmd/co/PMD_0000916
https://w3id.org/pmd/co/Rheometer	https://w3id.org/pmd/co/PMD_0000917
https://w3id.org/pmd/co/Rheometry	https://w3id.org/pmd/co/PMD_0000918
https://w3id.org/pmd/co/SampleRole	https://w3id.org/pmd/co/PMD_0000919
https://w3id.org/pmd/co/Saw	https://w3id.org/pmd/co/PMD_0000920
https://w3id.org/pmd/co/Scalar	https://w3id.org/pmd/co/PMD_0000921
https://w3id.org/pmd/co/ScanningElectronMicroscope	https://w3id.org/pmd/co/PMD_0000922
https://w3id.org/pmd/co/Scissors	https://w3id.org/pmd/co/PMD_0000923
https://w3id.org/pmd/co/ScratchHardness	https://w3id.org/pmd/co/PMD_0000924
https://w3id.org/pmd/co/ScratchTestingMachine	https://w3id.org/pmd/co/PMD_0000925
https://w3id.org/pmd/co/ScratchTestingProcess	https://w3id.org/pmd/co/PMD_0000926
https://w3id.org/pmd/co/Separating	https://w3id.org/pmd/co/PMD_0000927
https://w3id.org/pmd/co/ShearTestingMachine	https://w3id.org/pmd/co/PMD_0000928
https://w3id.org/pmd/co/ShearTestingProcess	https://w3id.org/pmd/co/PMD_0000929
https://w3id.org/pmd/co/SimulatedObject	https://w3id.org/pmd/co/PMD_0000930
https://w3id.org/pmd/co/SimulatingProcess	https://w3id.org/pmd/co/PMD_0000931
https://w3id.org/pmd/co/SimulationNode	https://w3id.org/pmd/co/PMD_0000932
https://w3id.org/pmd/co/SimulationProcess	https://w3id.org/pmd/co/PMD_0000933
https://w3id.org/pmd/co/Sintering	https://w3id.org/pmd/co/PMD_0000934
https://w3id.org/pmd/co/SizingSaw	https://w3id.org/pmd/co/PMD_0000935
https://w3id.org/pmd/co/Slide	https://w3id.org/pmd/co/PMD_0000936
https://w3id.org/pmd/co/SolderingDevice	https://w3id.org/pmd/co/PMD_0000937
https://w3id.org/pmd/co/SolderingDeviceRole	https://w3id.org/pmd/co/PMD_0000938
https://w3id.org/pmd/co/SolderingFunction	https://w3id.org/pmd/co/PMD_0000939
https://w3id.org/pmd/co/SpallingTestingMachine	https://w3id.org/pmd/co/PMD_0000940
https://w3id.org/pmd/co/SpallingTestingProcess	https://w3id.org/pmd/co/PMD_0000941
https://w3id.org/pmd/co/SpecificSurfaceArea	https://w3id.org/pmd/co/PMD_0000942
https://w3id.org/pmd/co/SpecimenRole	https://w3id.org/pmd/co/PMD_0000943
https://w3id.org/pmd/co/Spectrometer	https://w3id.org/pmd/co/PMD_0000944
https://w3id.org/pmd/co/SpectroscopyProcess	https://w3id.org/pmd/co/PMD_0000945
https://w3id.org/pmd/co/Spectrum	https://w3id.org/pmd/co/PMD_0000946
https://w3id.org/pmd/co/SpeedOfSound	https://w3id.org/pmd/co/PMD_0000947
https://w3id.org/pmd/co/StainlessSteel	https://w3id.org/pmd/co/PMD_0000948
https://w3id.org/pmd/co/Stiffness	https://w3id.org/pmd/co/PMD_0000949
https://w3id.org/pmd/co/Stimulation	https://w3id.org/pmd/co/PMD_0000950
https://w3id.org/pmd/co/StochasticSimulation	https://w3id.org/pmd/co/PMD_0000951
https://w3id.org/pmd/co/Strenght	https://w3id.org/pmd/co/PMD_0000952
https://w3id.org/pmd/co/StructuralAndChemicalDecay	https://w3id.org/pmd/co/PMD_0000953
https://w3id.org/pmd/co/StructuralAndOrPVAndOrEngineeringSteel	https://w3id.org/pmd/co/PMD_0000954
https://w3id.org/pmd/co/StructuralMaterial	https://w3id.org/pmd/co/PMD_0000955
https://w3id.org/pmd/co/StructuralOptimizationSimulation	https://w3id.org/pmd/co/PMD_0000956
https://w3id.org/pmd/co/StructuralPropertyAnalyzingProcess	https://w3id.org/pmd/co/PMD_0000957
https://w3id.org/pmd/co/SubatomicStructure	https://w3id.org/pmd/co/PMD_0000958
https://w3id.org/pmd/co/SubjectOfAdjustmentRole	https://w3id.org/pmd/co/PMD_0000959
https://w3id.org/pmd/co/SubjectOfCalibarationRole	https://w3id.org/pmd/co/PMD_0000960
https://w3id.org/pmd/co/SublimationPoint	https://w3id.org/pmd/co/PMD_0000961
https://w3id.org/pmd/co/SupercriticalFluidChromatographyProcess	https://w3id.org/pmd/co/PMD_0000962
https://w3id.org/pmd/co/SupercriticalFluidChromatographySystem	https://w3id.org/pmd/co/PMD_0000963
https://w3id.org/pmd/co/SupervisedLearning	https://w3id.org/pmd/co/PMD_0000964
https://w3id.org/pmd/co/Surface	https://w3id.org/pmd/co/PMD_0000965
https://w3id.org/pmd/co/SurfaceProfilometer	https://w3id.org/pmd/co/PMD_0000966
https://w3id.org/pmd/co/Temperature	https://w3id.org/pmd/co/PMD_0000967
https://w3id.org/pmd/co/TemperatureChangeDevice	https://w3id.org/pmd/co/PMD_0000968
https://w3id.org/pmd/co/TemperatureChangeFunction	https://w3id.org/pmd/co/PMD_0000969
https://w3id.org/pmd/co/TemperatureMeasuringDeviceRole	https://w3id.org/pmd/co/PMD_0000970
https://w3id.org/pmd/co/TemperatureMeasuringFunction	https://w3id.org/pmd/co/PMD_0000971
https://w3id.org/pmd/co/TemporalProperty	https://w3id.org/pmd/co/PMD_0000972
https://w3id.org/pmd/co/TensileTestingMachine	https://w3id.org/pmd/co/PMD_0000973
https://w3id.org/pmd/co/TensileTestingProcess	https://w3id.org/pmd/co/PMD_0000974
https://w3id.org/pmd/co/TestPieceRole	https://w3id.org/pmd/co/PMD_0000975
https://w3id.org/pmd/co/TestingFunction	https://w3id.org/pmd/co/PMD_0000976
https://w3id.org/pmd/co/TextileJoining	https://w3id.org/pmd/co/PMD_0000977
https://w3id.org/pmd/co/ThermalConductivity	https://w3id.org/pmd/co/PMD_0000978
https://w3id.org/pmd/co/ThermalConductivityMeasurementProcess	https://w3id.org/pmd/co/PMD_0000979
https://w3id.org/pmd/co/ThermalConductivityMeasuringFunction	https://w3id.org/pmd/co/PMD_0000980
https://w3id.org/pmd/co/ThermalProperty	https://w3id.org/pmd/co/PMD_0000981
https://w3id.org/pmd/co/ThermalPropertyAnalyzingProcess	https://w3id.org/pmd/co/PMD_0000982
https://w3id.org/pmd/co/Thermocouple	https://w3id.org/pmd/co/PMD_0000983
https://w3id.org/pmd/co/Thermocycler	https://w3id.org/pmd/co/PMD_0000984
https://w3id.org/pmd/co/ThermodynamicQuality	https://w3id.org/pmd/co/PMD_0000985
https://w3id.org/pmd/co/ThermogravimetricAnalysisProcess	https://w3id.org/pmd/co/PMD_0000986
https://w3id.org/pmd/co/ThermomechanicalAnalysisProcess	https://w3id.org/pmd/co/PMD_0000987
https://w3id.org/pmd/co/ThermomechanicalTreatment	https://w3id.org/pmd/co/PMD_0000988
https://w3id.org/pmd/co/Thin-LayerChromatographyProcess	https://w3id.org/pmd/co/PMD_0000989
https://w3id.org/pmd/co/ThinLayerChromatographySystem	https://w3id.org/pmd/co/PMD_0000990
https://w3id.org/pmd/co/ThreeDPrinter	https://w3id.org/pmd/co/PMD_0000991
https://w3id.org/pmd/co/TimeSeries	https://w3id.org/pmd/co/PMD_0000992
https://w3id.org/pmd/co/ToolSteel	https://w3id.org/pmd/co/PMD_0000993
https://w3id.org/pmd/co/TorsionTestingMachine	https://w3id.org/pmd/co/PMD_0000994
https://w3id.org/pmd/co/TorsionTestingProcess	https://w3id.org/pmd/co/PMD_0000995
https://w3id.org/pmd/co/TriplePoint	https://w3id.org/pmd/co/PMD_0000996
https://w3id.org/pmd/co/UltrasonicCleaner	https://w3id.org/pmd/co/PMD_0000997
https://w3id.org/pmd/co/UltravioletVisibleSpectrophotometer	https://w3id.org/pmd/co/PMD_0000998
https://w3id.org/pmd/co/UnalloyedBaseSteel	https://w3id.org/pmd/co/PMD_0000999
https://w3id.org/pmd/co/UnalloyedQualitySteel	https://w3id.org/pmd/co/PMD_0001000
https://w3id.org/pmd/co/UnalloyedSteel	https://w3id.org/pmd/co/PMD_0001001
https://w3id.org/pmd/co/UnallyedSpecialSteel	https://w3id.org/pmd/co/PMD_0001002
https://w3id.org/pmd/co/UnsupervisedLearning	https://w3id.org/pmd/co/PMD_0001003
https://w3id.org/pmd/co/Viscometer	https://w3id.org/pmd/co/PMD_0001004
https://w3id.org/pmd/co/Viscometry	https://w3id.org/pmd/co/PMD_0001005
https://w3id.org/pmd/co/WaterPurificationSystem	https://w3id.org/pmd/co/PMD_0001006
https://w3id.org/pmd/co/WaterjetCutter	https://w3id.org/pmd/co/PMD_0001007
https://w3id.org/pmd/co/WaverIrradiation	https://w3id.org/pmd/co/PMD_0001008
https://w3id.org/pmd/co/WearTestingMachine	https://w3id.org/pmd/co/PMD_0001009
https://w3id.org/pmd/co/WearTestingProcess	https://w3id.org/pmd/co/PMD_0001010
https://w3id.org/pmd/co/WeldingDevice	https://w3id.org/pmd/co/PMD_0001011
https://w3id.org/pmd/co/WeldingDeviceRole	https://w3id.org/pmd/co/PMD_0001012
https://w3id.org/pmd/co/WeldingFunction	https://w3id.org/pmd/co/PMD_0001013
https://w3id.org/pmd/co/X-rayAnalyzingProcess	https://w3id.org/pmd/co/PMD_0001014
https://w3id.org/pmd/co/X-rayComputedTomography	https://w3id.org/pmd/co/PMD_0001015
https://w3id.org/pmd/co/X-rayDiffractionProcess	https://w3id.org/pmd/co/PMD_0001016
https://w3id.org/pmd/co/X-rayMapping	https://w3id.org/pmd/co/PMD_0001017
https://w3id.org/pmd/co/X-rayMicroanalysis	https://w3id.org/pmd/co/PMD_0001018
https://w3id.org/pmd/co/X-raySpectroscopy	https://w3id.org/pmd/co/PMD_0001019
https://w3id.org/pmd/co/XRayDiffractometer	https://w3id.org/pmd/co/PMD_0001020
https://w3id.org/pmd/co/XrayAnalyzer	https://w3id.org/pmd/co/PMD_0001021
https://w3id.org/pmd/co/XrayComputedTomographySystem	https://w3id.org/pmd/co/PMD_0001022
https://w3id.org/pmd/co/XrayMappingDevice	https://w3id.org/pmd/co/PMD_0001023
https://w3id.org/pmd/co/XrayMicroanalysisSystem	https://w3id.org/pmd/co/PMD_0001024
https://w3id.org/pmd/co/assay	https://w3id.org/pmd/co/PMD_0001025
https://w3id.org/pmd/co/compliesWith	https://w3id.org/pmd/co/PMD_0001026
https://w3id.org/pmd/co/definitionSource	https://w3id.org/pmd/co/PMD_0001027
https://w3id.org/pmd/co/in_response_to	https://w3id.org/pmd/co/PMD_0001028
https://w3id.org/pmd/co/responds_with	https://w3id.org/pmd/co/PMD_0001029
https://w3id.org/pmd/co/stimulated_by	https://w3id.org/pmd/co/PMD_0001030
https://w3id.org/pmd/co/stimulates	https://w3id.org/pmd/co/PMD_0001031